PassengerId,Survived,Pclass,Name,Sex,Age,SibSp,Parch,Ticket,Fare,Cabin,Embarked
24,1,1,"Sloper, Mr. William Thompson",male,28,0,0,113788,35.5,A6,S
25,0,3,"Palsson, Miss. Torborg Danira",female,8,3,1,349909,21.075,,S
26,1,3,"Asplund, Mrs. Carl Oscar (Selma Augusta Emilia Johansson)",female,38,1,5,347077,31.3875,,S
27,0,3,"Emir, Mr. Farred Chehab",male,,0,0,2631,7.225,,C
28,0,1,"Fortune, Mr. Charles Alexander",male,19,3,2,19950,263,C23 C25 C27,S
29,1,3,"O'Dwyer, Miss. Ellen ""Nellie""",female,,0,0,330959,7.8792,,Q
30,0,3,"Todoroff, Mr. Lalio",male,,0,0,349216,7.8958,,S
31,0,1,"Uruchurtu, Don. Manuel E",male,40,0,0,PC 17601,27.7208,,C
32,1,1,"Spencer, Mrs. William Augustus (Marie Eugenie)",female,,1,0,PC 17569,146.5208,B78,C
33,1,3,"Glynn, Miss. Mary Agatha",female,,0,0,335677,7.75,,Q
34,0,2,"Wheadon, Mr. Edward H",male,66,0,0,C.A. 24579,10.5,,S
35,0,1,"Meyer, Mr. Edgar Joseph",male,28,1,0,PC 17604,82.1708,,C
36,0,1,"Holverson, Mr. Alexander Oskar",male,42,1,0,113789,52,,S
37,1,3,"Mamee, Mr. Hanna",male,,0,0,2677,7.2292,,C
38,0,3,"Cann, Mr. Ernest Charles",male,21,0,0,A./5. 2152,8.05,,S
39,0,3,"Vander Planke, Miss. Augusta Maria",female,18,2,0,345764,18,,S
40,1,3,"Nicola-Yarred, Miss. Jamila",female,14,1,0,2651,11.2417,,C
41,0,3,"Ahlin, Mrs. Johan (Johanna Persdotter Larsson)",female,40,1,0,7546,9.475,,S
42,0,2,"Turpin, Mrs. William John Robert (Dorothy Ann Wonnacott)",female,27,1,0,11668,21,,S
43,0,3,"Kraeff, Mr. Theodor",male,,0,0,349253,7.8958,,C
44,1,2,"Laroche, Miss. Simonne Marie Anne Andree",female,3,1,2,SC/Paris 2123,41.5792,,C
45,1,3,"Devaney, Miss. Margaret Delia",female,19,0,0,330958,7.8792,,Q
46,0,3,"Rogers, Mr. William John",male,,0,0,S.C./A.4. 23567,8.05,,S
47,0,3,"Lennon, Mr. Denis",male,,1,0,370371,15.5,,Q
48,1,3,"O'Driscoll, Miss. Bridget",female,,0,0,14311,7.75,,Q
49,0,3,"Samaan, Mr. Youssef",male,,2,0,2662,21.6792,,C
50,0,3,"Arnold-Franchi, Mrs. Josef (Josefine Franchi)",female,18,1,0,349237,17.8,,S
51,0,3,"Panula, Master. Juha Niilo",male,7,4,1,3101295,39.6875,,S
52,0,3,"Nosworthy, Mr. Richard Cater",male,21,0,0,A/4. 39886,7.8,,S
53,1,1,"Harper, Mrs. Henry Sleeper (Myna Haxtun)",female,49,1,0,PC 17572,76.7292,D33,C
54,1,2,"Faunthorpe, Mrs. Lizzie (Elizabeth Anne Wilkinson)",female,29,1,0,2926,26,,S
55,0,1,"Ostby, Mr. Engelhart Cornelius",male,65,0,1,113509,61.9792,B30,C
56,1,1,"Woolner, Mr. Hugh",male,,0,0,19947,35.5,C52,S
57,1,2,"Rugg, Miss. Emily",female,21,0,0,C.A. 31026,10.5,,S
58,0,3,"Novel, Mr. Mansouer",male,28.5,0,0,2697,7.2292,,C
59,1,2,"West, Miss. Constance Mirium",female,5,1,2,C.A. 34651,27.75,,S
60,0,3,"Goodwin, Master. William Frederick",male,11,5,2,CA 2144,46.9,,S
61,0,3,"Sirayanian, Mr. Orsen",male,22,0,0,2669,7.2292,,C
62,1,1,"Icard, Miss. Amelie",female,38,0,0,113572,80,B28,
63,0,1,"Harris, Mr. Henry Birkhardt",male,45,1,0,36973,83.475,C83,S
64,0,3,"Skoog, Master. Harald",male,4,3,2,347088,27.9,,S
65,0,1,"Stewart, Mr. Albert A",male,,0,0,PC 17605,27.7208,,C
66,1,3,"Moubarek, Master. Gerios",male,,1,1,2661,15.2458,,C
67,1,2,"Nye, Mrs. (Elizabeth Ramell)",female,29,0,0,C.A. 29395,10.5,F33,S
68,0,3,"Crease, Mr. Ernest James",male,19,0,0,S.P. 3464,8.1583,,S
69,1,3,"Andersson, Miss. Erna Alexandra",female,17,4,2,3101281,7.925,,S
70,0,3,"Kink, Mr. Vincenz",male,26,2,0,315151,8.6625,,S
71,0,2,"Jenkin, Mr. Stephen Curnow",male,32,0,0,C.A. 33111,10.5,,S
72,0,3,"Goodwin, Miss. Lillian Amy",female,16,5,2,CA 2144,46.9,,S
73,0,2,"Hood, Mr. Ambrose Jr",male,21,0,0,S.O.C. 14879,73.5,,S
74,0,3,"Chronopoulos, Mr. Apostolos",male,26,1,0,2680,14.4542,,C
75,1,3,"Bing, Mr. Lee",male,32,0,0,1601,56.4958,,S
76,0,3,"Moen, Mr. Sigurd Hansen",male,25,0,0,348123,7.65,F G73,S
77,0,3,"Staneff, Mr. Ivan",male,,0,0,349208,7.8958,,S
78,0,3,"Moutal, Mr. Rahamin Haim",male,,0,0,374746,8.05,,S
79,1,2,"Caldwell, Master. Alden Gates",male,0.83,0,2,248738,29,,S
80,1,3,"Dowdell, Miss. Elizabeth",female,30,0,0,364516,12.475,,S
81,0,3,"Waelens, Mr. Achille",male,22,0,0,345767,9,,S
82,1,3,"Sheerlinck, Mr. Jan Baptist",male,29,0,0,345779,9.5,,S
83,1,3,"McDermott, Miss. Brigdet Delia",female,,0,0,330932,7.7875,,Q
84,0,1,"Carrau, Mr. Francisco M",male,28,0,0,113059,47.1,,S
85,1,2,"Ilett, Miss. Bertha",female,17,0,0,SO/C 14885,10.5,,S
86,1,3,"Backstrom, Mrs. Karl Alfred (Maria Mathilda Gustafsson)",female,33,3,0,3101278,15.85,,S
87,0,3,"Ford, Mr. William Neal",male,16,1,3,W./C. 6608,34.375,,S
88,0,3,"Slocovski, Mr. Selman Francis",male,,0,0,SOTON/OQ 392086,8.05,,S
89,1,1,"Fortune, Miss. Mabel Helen",female,23,3,2,19950,263,C23 C25 C27,S
90,0,3,"Celotti, Mr. Francesco",male,24,0,0,343275,8.05,,S
91,0,3,"Christmann, Mr. Emil",male,29,0,0,343276,8.05,,S
92,0,3,"Andreasson, Mr. Paul Edvin",male,20,0,0,347466,7.8542,,S
821,1,1,"Hays, Mrs. Charles Melville (Clara Jennings Gregg)",female,52,1,1,12749,93.5,B69,S
822,1,3,"Lulic, Mr. Nikola",male,27,0,0,315098,8.6625,,S
823,0,1,"Reuchlin, Jonkheer. John George",male,38,0,0,19972,0,,S
824,1,3,"Moor, Mrs. (Beila)",female,27,0,1,392096,12.475,E121,S
825,0,3,"Panula, Master. Urho Abraham",male,2,4,1,3101295,39.6875,,S
826,0,3,"Flynn, Mr. John",male,,0,0,368323,6.95,,Q
827,0,3,"Lam, Mr. Len",male,,0,0,1601,56.4958,,S
828,1,2,"Mallet, Master. Andre",male,1,0,2,S.C./PARIS 2079,37.0042,,C
829,1,3,"McCormack, Mr. Thomas Joseph",male,,0,0,367228,7.75,,Q
830,1,1,"Stone, Mrs. George Nelson (Martha Evelyn)",female,62,0,0,113572,80,B28,
831,1,3,"Yasbeck, Mrs. Antoni (Selini Alexander)",female,15,1,0,2659,14.4542,,C
832,1,2,"Richards, Master. George Sibley",male,0.83,1,1,29106,18.75,,S
833,0,3,"Saad, Mr. Amin",male,,0,0,2671,7.2292,,C
834,0,3,"Augustsson, Mr. Albert",male,23,0,0,347468,7.8542,,S
835,0,3,"Allum, Mr. Owen George",male,18,0,0,2223,8.3,,S
836,1,1,"Compton, Miss. Sara Rebecca",female,39,1,1,PC 17756,83.1583,E49,C
837,0,3,"Pasic, Mr. Jakob",male,21,0,0,315097,8.6625,,S
838,0,3,"Sirota, Mr. Maurice",male,,0,0,392092,8.05,,S
839,1,3,"Chip, Mr. Chang",male,32,0,0,1601,56.4958,,S
840,1,1,"Marechal, Mr. Pierre",male,,0,0,11774,29.7,C47,C
841,0,3,"Alhomaki, Mr. Ilmari Rudolf",male,20,0,0,SOTON/O2 3101287,7.925,,S
842,0,2,"Mudd, Mr. Thomas Charles",male,16,0,0,S.O./P.P. 3,10.5,,S
843,1,1,"Serepeca, Miss. Augusta",female,30,0,0,113798,31,,C
844,0,3,"Lemberopolous, Mr. Peter L",male,34.5,0,0,2683,6.4375,,C
845,0,3,"Culumovic, Mr. Jeso",male,17,0,0,315090,8.6625,,S
846,0,3,"Abbing, Mr. Anthony",male,42,0,0,C.A. 5547,7.55,,S
847,0,3,"Sage, Mr. Douglas Bullen",male,,8,2,CA. 2343,69.55,,S
848,0,3,"Markoff, Mr. Marin",male,35,0,0,349213,7.8958,,C
849,0,2,"Harper, Rev. John",male,28,0,1,248727,33,,S
850,1,1,"Goldenberg, Mrs. Samuel L (Edwiga Grabowska)",female,,1,0,17453,89.1042,C92,C
851,0,3,"Andersson, Master. Sigvard Harald Elias",male,4,4,2,347082,31.275,,S
852,0,3,"Svensson, Mr. Johan",male,74,0,0,347060,7.775,,S
853,0,3,"Boulos, Miss. Nourelain",female,9,1,1,2678,15.2458,,C
854,1,1,"Lines, Miss. Mary Conover",female,16,0,1,PC 17592,39.4,D28,S
855,0,2,"Carter, Mrs. Ernest Courtenay (Lilian Hughes)",female,44,1,0,244252,26,,S
856,1,3,"Aks, Mrs. Sam (Leah Rosen)",female,18,0,1,392091,9.35,,S
857,1,1,"Wick, Mrs. George Dennick (Mary Hitchcock)",female,45,1,1,36928,164.8667,,S
858,1,1,"Daly, Mr. Peter Denis ",male,51,0,0,113055,26.55,E17,S
859,1,3,"Baclini, Mrs. Solomon (Latifa Qurban)",female,24,0,3,2666,19.2583,,C
860,0,3,"Razi, Mr. Raihed",male,,0,0,2629,7.2292,,C
861,0,3,"Hansen, Mr. Claus Peter",male,41,2,0,350026,14.1083,,S
862,0,2,"Giles, Mr. Frederick Edward",male,21,1,0,28134,11.5,,S
863,1,1,"Swift, Mrs. Frederick Joel (Margaret Welles Barron)",female,48,0,0,17466,25.9292,D17,S
864,0,3,"Sage, Miss. Dorothy Edith ""Dolly""",female,,8,2,CA. 2343,69.55,,S
865,0,2,"Gill, Mr. John William",male,24,0,0,233866,13,,S
866,1,2,"Bystrom, Mrs. (Karolina)",female,42,0,0,236852,13,,S
867,1,2,"Duran y More, Miss. Asuncion",female,27,1,0,SC/PARIS 2149,13.8583,,C
868,0,1,"Roebling, Mr. Washington Augustus II",male,31,0,0,PC 17590,50.4958,A24,S
869,0,3,"van Melkebeke, Mr. Philemon",male,,0,0,345777,9.5,,S
870,1,3,"Johnson, Master. Harold Theodor",male,4,1,1,347742,11.1333,,S
871,0,3,"Balkic, Mr. Cerin",male,26,0,0,349248,7.8958,,S
872,1,1,"Beckwith, Mrs. Richard Leonard (Sallie Monypeny)",female,47,1,1,11751,52.5542,D35,S
873,0,1,"Carlsson, Mr. Frans Olof",male,33,0,0,695,5,B51 B53 B55,S
874,0,3,"Vander Cruyssen, Mr. Victor",male,47,0,0,345765,9,,S
875,1,2,"Abelson, Mrs. Samuel (Hannah Wizosky)",female,28,1,0,P/PP 3381,24,,C
876,1,3,"Najib, Miss. Adele Kiamie ""Jane""",female,15,0,0,2667,7.225,,C
877,0,3,"Gustafsson, Mr. Alfred Ossian",male,20,0,0,7534,9.8458,,S
